C Data Columns are: time,Chan 101,time,Chan 102,time,Chan 103
C Channel Labels: secs,volts,secs,volts,secs,volts
C Channel conv factors: 1,1,1,1,1,1
0.044,0.00504722,0.08,0.0102591,0.122,0.00383424
0.502,0.00503939,0.51,0.0102712,0.518,0.00449703
1.002,0.00503297,1.01,0.0102705,1.018,0.00455619
1.502,0.00502869,1.51,0.0102648,1.518,0.00531448
2.002,0.00504152,2.01,0.0102726,2.018,0.00512491
2.502,0.00504081,2.51,0.0102698,2.518,0.00535867
3.002,0.00503796,3.01,0.0102726,3.018,0.0042369
3.502,0.00504509,3.51,0.0102683,3.518,0.00611411
4.002,0.00504295,4.01,0.0102705,4.018,0.00506718
4.502,0.0050401,4.51,0.0102705,4.518,0.0050009
5.002,0.00503725,5.011,0.0102755,5.019,0.00507359
5.502,0.00473935,5.51,0.0102562,5.518,0.00448848
6.002,0.00504509,6.01,0.0102527,6.018,0.00456118
6.502,0.00504437,6.51,0.0102562,6.518,0.00480705
7.002,0.00504865,7.01,0.0102555,7.018,0.00457258
7.502,0.00504224,7.51,0.0102569,7.518,0.004703
8.002,0.00922996,8.01,0.0138845,8.018,-0.000291488
8.502,0.0175142,8.51,0.0218573,8.519,0.000781101
9.002,0.0238728,9.01,0.0294809,9.018,0.000545916
9.502,0.0260429,9.51,0.0369548,9.518,0.000257279
10.002,0.0247665,10.01,0.0447815,10.018,0.00346792
10.502,0.02574,10.51,0.0523865,10.518,0.00432029
11.002,0.0253737,11.01,0.0603422,11.018,0.00531804
11.502,0.0250651,11.51,0.0679565,11.518,0.00498237
12.002,0.0299042,12.01,0.0756114,12.018,0.00469445
12.502,0.0312419,12.51,0.0835664,12.518,0.00416421
13.002,0.0327393,13.01,0.0909398,13.018,0.00502085
13.502,0.0357924,13.51,0.0985292,13.518,0.00448563
14.002,0.0381856,14.01,0.106146,14.018,0.00359478
14.502,0.0403742,14.51,0.114092,14.518,0.00406515
15.002,0.0424724,15.024,0.121722,15.036,0.00383353
15.502,0.0448784,15.514,0.129385,15.526,0.00452839
16.002,0.0470777,16.014,0.137332,16.026,0.00445855
16.502,0.0494738,16.514,0.144966,16.526,0.0038492
17.002,0.0519767,17.014,0.152316,17.026,0.00413
17.502,0.0546678,17.514,0.160228,17.526,0.00494317
18.002,0.0568237,18.014,0.167891,18.026,0.00469231
18.502,0.0592176,18.514,0.17581,18.526,0.00486193
19.002,0.0614305,19.014,0.183473,19.026,0.00442648
19.502,0.0638058,19.514,0.191107,19.526,0.00475217
20.002,0.0662867,20.014,0.199019,20.026,0.00484411
20.502,0.0696798,20.514,0.206361,20.526,0.00595518
21.002,0.0723773,21.014,0.213996,21.026,0.00577274
21.502,0.0760291,21.514,0.221651,21.526,0.00577202
22.002,0.0794215,22.014,0.229549,22.026,0.00535439
22.502,0.0830191,22.514,0.237198,22.526,0.005658
23.002,0.0864407,23.014,0.24516,23.025,0.00597799
23.502,0.0907296,23.514,0.252773,23.525,0.00608133
24.002,0.0949886,24.014,0.260129,24.025,0.0062089
24.502,0.0998776,24.514,0.267749,24.526,0.00601932
25.002,0.104453,25.014,0.275697,25.025,0.00706697
25.502,0.11024,25.514,0.283317,25.525,0.00659446
26.002,0.1154,26.014,0.291265,26.025,0.00659517
26.516,0.122078,26.524,0.298927,26.536,0.00515769
27.002,0.128281,27.01,0.30632,27.022,0.00636355
27.502,0.136129,27.51,0.313897,27.522,0.00656524
28.002,0.143186,28.01,0.321802,28.022,0.00652462
28.502,0.151682,28.51,0.329479,28.522,0.00671633
29.002,0.159915,29.01,0.337405,29.022,0.00653388
29.502,0.168809,29.511,0.345061,29.523,0.00751881
30.002,0.177954,30.01,0.353001,30.022,0.00750099
30.502,0.188914,30.51,0.360315,30.522,0.00812032
31.002,0.20013,31.01,0.367978,31.022,0.00753021
31.502,0.213305,31.51,0.375584,31.522,0.00759649
32.002,0.225846,32.01,0.383532,32.022,0.00803408
32.502,0.241108,32.51,0.391152,32.522,0.00807969
33.002,0.255429,33.01,0.399114,33.022,0.00798277
33.502,0.273048,33.51,0.406755,33.523,0.00889215
34.002,0.290481,34.01,0.414083,34.022,0.00931121
34.502,0.311796,34.51,0.421732,34.522,0.00932546
35.002,0.332221,35.011,0.429665,35.022,0.00948439
35.502,0.355722,35.51,0.437299,35.522,0.0101921
36.002,0.379237,36.01,0.445254,36.023,0.0112262
36.502,0.40516,36.51,0.452867,36.523,0.0115269
37.002,0.431723,37.01,0.460523,37.022,0.0122532
37.502,0.461328,37.51,0.467829,37.522,0.013226
38.002,0.491779,38.01,0.475799,38.023,0.0131155
38.502,0.525037,38.51,0.483419,38.522,0.013675
39.002,0.557347,39.01,0.491381,39.023,0.013841
39.502,0.593397,39.51,0.499022,39.523,0.0142808
40.002,0.626932,40.01,0.506656,40.023,0.01558
40.502,0.665325,40.51,0.514618,40.523,0.0163041
41.002,0.703368,41.01,0.521918,41.022,0.0165955
41.502,0.746119,41.51,0.529573,41.522,0.0172697
42.002,0.786049,42.01,0.537186,42.023,0.0180259
42.502,0.830972,42.51,0.545141,42.522,0.0186203
43.002,0.873324,43.01,0.55279,43.022,0.0194456
43.502,0.916922,43.51,0.56041,43.522,0.0203806
44.002,0.962044,44.01,0.568386,44.022,0.0207384
44.502,1.00995,44.51,0.575678,44.522,0.0220041
45.002,1.05814,45.01,0.583334,45.022,0.0229883
45.502,1.10787,45.51,0.591246,45.522,0.0239105
46.002,1.15515,46.01,0.598902,46.022,0.0251442
46.516,1.20699,46.528,0.606935,46.539,0.0253067
47.002,1.25458,47.015,0.61447,47.026,0.0267142
47.502,1.30665,47.514,0.622111,47.525,0.026886
48.002,1.35859,48.014,0.630037,48.025,0.027588
48.502,1.41437,48.514,0.637401,48.525,0.0285002
49.002,1.46466,49.014,0.645028,49.026,0.0300631
49.502,1.51745,49.514,0.65267,49.525,0.0305934
50.002,1.56781,50.014,0.660617,50.026,0.0321606
50.502,1.61904,50.514,0.668237,50.525,0.0330749
51.002,1.6684,51.014,0.676185,51.026,0.0345516
51.502,1.71692,51.514,0.683812,51.526,0.0357981
52.002,1.76479,52.014,0.691169,52.025,0.0357218
52.502,1.81537,52.514,0.699074,52.525,0.0358416
53.002,1.86117,53.014,0.706722,53.025,0.0364851
53.502,1.9094,53.514,0.714378,53.525,0.0373004
54.002,1.9515,54.014,0.722297,54.025,0.038326
54.502,1.99446,54.514,0.729946,54.525,0.0397157
55.002,2.02972,55.014,0.737822,55.025,0.0399887
55.502,2.05964,55.514,0.744922,55.525,0.0394378
56.002,2.04739,56.014,0.752841,56.025,0.0395212
56.502,2.06392,56.514,0.76049,56.525,0.0400849
57.002,2.06997,57.014,0.768459,57.025,0.0402866
57.502,2.08173,57.514,0.776072,57.525,0.040588
58.002,2.07012,58.014,0.784027,58.025,0.0418616
58.502,2.07646,58.515,0.791647,58.526,0.044036
59.002,2.06848,59.014,0.799011,59.027,0.0485501
59.502,2.06777,59.514,0.806616,59.525,0.0596238
60.002,2.07539,60.014,0.814564,60.025,0.0685088
60.502,2.07496,60.514,0.822234,60.525,0.0787793
61.002,2.07489,61.014,0.830146,61.025,0.089972
61.502,2.07411,61.514,0.837802,61.525,0.101115
62.002,2.06769,62.014,0.845407,62.025,0.113731
62.502,2.07005,62.514,0.852757,62.539,0.125895
63.002,2.06969,63.014,0.860726,63.022,0.139234
63.502,2.07332,63.514,0.868339,63.522,0.153057
64.002,2.07005,64.014,0.876294,64.022,0.167763
64.502,2.0709,64.514,0.883907,64.522,0.181358
65.002,2.07197,65.014,0.891548,65.022,0.195458
65.502,2.07924,65.514,0.899439,65.522,0.208961
66.002,2.07332,66.014,0.906831,66.022,0.223183
66.502,2.07168,66.514,0.914458,66.522,0.237711
67.002,2.06976,67.014,0.922377,67.022,0.252573
67.502,2.07432,67.514,0.93004,67.522,0.266937
68.002,2.08023,68.014,0.937639,68.022,0.280881
68.502,2.08586,68.514,0.945615,68.522,0.295687
69.002,2.09092,69.014,0.953221,69.022,0.309268
69.502,2.09363,69.514,0.960599,69.522,0.323411
70.002,2.09968,70.014,0.968247,70.022,0.33727
70.502,2.11193,70.514,0.976174,70.522,0.351136
71.002,2.10894,71.014,0.983829,71.022,0.365165
71.502,2.10417,71.514,0.991428,71.522,0.379942
72.002,2.09092,72.014,0.999383,72.022,0.395731
72.502,2.086,72.514,1.00698,72.522,0.410309
73.002,2.09263,73.014,1.01435,73.022,0.424303
73.502,2.09897,73.514,1.0223,73.522,0.437805
74.002,2.10217,74.014,1.02993,74.022,0.449271
74.502,2.10809,74.514,1.03787,74.522,0.442633
75.002,2.11265,75.014,1.04549,75.036,0.0402951
75.502,2.12148,75.515,1.05314,75.526,0.044532
76.002,2.04932,76.015,1.0611,76.026,0.0632279
76.502,2.11129,76.515,1.0684,76.526,0.0733922
77.002,2.14527,77.015,1.07606,77.028,0.0842007
77.502,2.15795,77.514,1.08368,77.525,0.0932853
78.002,2.16251,78.014,1.09162,78.025,0.102415
78.502,2.17035,78.514,1.09925,78.525,0.111635
79.002,2.17619,79.014,1.10722,79.039,0.121309
79.502,2.18388,79.514,1.11485,79.522,0.130225
80.002,2.18809,80.014,1.12218,80.023,0.139682
80.502,2.19564,80.514,1.13014,80.522,0.150158
81.002,2.20063,81.014,1.13775,81.022,0.158697
81.502,2.20761,81.514,1.1454,81.522,0.169258
82.002,2.21131,82.014,1.15332,82.022,0.178445
82.502,2.21808,82.514,1.16099,82.522,0.188095
83.002,2.22292,83.014,1.16883,83.022,0.197922
83.502,2.22955,83.514,1.17592,83.522,0.207266
84.002,2.23275,84.014,1.18388,84.022,0.217322
84.502,2.23938,84.514,1.19149,84.522,0.227285
85.002,2.24344,85.014,1.19945,85.022,0.237248
85.502,2.2495,85.528,1.20706,85.539,0.246491
86.002,2.2527,86.01,1.21497,86.023,0.25664
86.502,2.25925,86.51,1.22231,86.523,0.265577
87.002,2.26253,87.01,1.23,87.023,0.275626
87.502,2.26866,87.51,1.2377,87.524,0.285681
88.002,2.27137,88.01,1.2456,88.022,0.294868
88.502,2.27749,88.51,1.25323,88.522,0.304646
89.002,2.28048,89.01,1.26113,89.022,0.31525
89.502,2.28604,89.51,1.26883,89.522,0.324757
90.002,2.28875,90.01,1.27616,90.022,0.3345
90.502,2.29459,90.51,1.28379,90.522,0.344854
91.002,2.29758,91.01,1.29169,91.022,0.354248
91.502,2.30271,91.51,1.29925,91.522,0.36399
92.002,2.30535,92.01,1.30737,92.022,0.374181
92.502,2.31012,92.51,1.31485,92.522,0.385191
93.002,2.3134,93.01,1.32247,93.022,0.394271
93.502,2.31824,93.51,1.32981,93.522,0.404391
94.002,2.32023,94.011,1.33786,94.022,0.414717
94.502,2.32565,94.51,1.34548,94.522,0.424552
95.002,2.32807,95.01,1.35346,95.022,0.434209
95.502,2.3327,95.51,1.36115,95.522,0.444051
96.002,2.33463,96.01,1.36856,96.022,0.454441
96.502,2.33918,96.51,1.37668,96.522,0.464489
97.002,2.34146,97.01,1.38402,97.022,0.475022
97.502,2.34638,97.51,1.39164,97.522,0.484814
98.002,2.34723,98.01,1.39926,98.022,0.494984
98.502,2.35279,98.51,1.40717,98.522,0.505246
99.002,2.35443,99.01,1.41487,99.022,0.515708
99.502,2.35856,99.51,1.4227,99.522,0.525806
100.002,2.36041,100.01,1.43032,100.022,0.535591
100.502,2.36447,100.51,1.4378,100.522,0.545803
101.002,2.36654,101.01,1.44536,101.022,0.556172
101.502,2.37046,101.511,1.45333,101.523,0.566285
102.002,2.37146,102.01,1.46096,102.022,0.576248
102.502,2.37594,102.51,1.46879,102.522,0.586695
103.002,2.3778,103.01,1.47656,103.022,0.597392
103.502,2.38114,103.51,1.48425,103.523,0.606743
104.002,2.38221,104.01,1.49145,104.023,0.617973
104.502,2.38634,104.51,1.4995,104.524,0.627972
105.002,2.38791,105.01,1.50712,105.022,0.637543
105.502,2.39169,105.51,1.51503,105.524,0.64834
106.002,2.39247,106.01,1.52265,106.022,0.659307
106.502,2.39617,106.51,1.53027,106.523,0.669192
107.002,2.39774,107.01,1.53818,107.023,0.679432
107.502,2.40152,107.51,1.54552,107.523,0.690421
108.002,2.4018,108.011,1.55321,108.022,0.700982
108.502,2.40551,108.51,1.56112,108.522,0.711522
109.002,2.40643,109.01,1.56874,109.022,0.721706
109.502,2.40978,109.51,1.57636,109.522,0.731876
110.002,2.41071,110.01,1.58448,110.022,0.742636
110.502,2.41413,110.51,1.59196,110.522,0.753269
111.002,2.41505,111.01,1.59937,111.022,0.763809
111.502,2.41826,111.51,1.60692,111.522,0.774299
112.002,2.41833,112.01,1.61497,112.022,0.784312
112.502,2.42203,112.51,1.6226,112.522,0.7954
113.002,2.42296,113.01,1.63058,113.022,0.806218
113.502,2.4256,113.51,1.63798,113.522,0.815711
114.002,2.42631,114.01,1.64611,114.022,0.826008
114.502,2.43001,114.51,1.65351,114.522,0.837111
115.002,2.43065,115.01,1.66114,115.022,0.847095
115.502,2.43336,115.51,1.66869,115.522,0.857407
116.002,2.43308,116.01,1.6766,116.022,0.868061
116.502,2.43664,116.51,1.68415,116.522,0.878722
117.002,2.43764,117.01,1.6922,117.022,0.889241
117.502,2.4397,117.51,1.69982,117.522,0.89988
118.002,2.43977,118.01,1.70716,118.022,0.909437
118.502,2.44312,118.51,1.71478,118.522,0.919885
119.002,2.44369,119.01,1.72269,119.022,0.930375
119.502,2.4464,119.51,1.73031,119.522,0.94043
120.002,2.44633,120.01,1.73843,120.022,0.950842
120.502,2.44896,120.51,1.74605,120.522,0.961852
121.002,2.45003,121.01,1.7536,121.022,0.97225
121.502,2.4526,121.51,1.76101,121.522,0.982939
122.002,2.4516,122.01,1.76878,122.022,0.993764
122.502,2.45488,122.51,1.7764,122.522,1.00404
123.002,2.45537,123.011,1.78445,123.023,1.01426
123.502,2.45801,123.51,1.792,123.522,1.02537
124.002,2.4578,124.01,1.79977,124.022,1.03552
124.502,2.45986,124.51,1.8076,124.522,1.04662
125.002,2.46015,125.01,1.81494,125.022,1.05698
125.502,2.46293,125.51,1.82263,125.522,1.06703
126.002,2.46207,126.01,1.83019,126.021,1.07764
126.502,2.46528,126.51,1.83816,126.522,1.08849
127.002,2.46492,127.01,1.84579,127.021,1.09935
127.502,2.46763,127.51,1.85384,127.521,1.11012
128.002,2.46777,128.01,1.86139,128.021,1.12097
128.502,2.46962,128.51,1.86873,128.522,1.13175
129.002,2.46962,129.01,1.87663,129.022,1.14171
129.502,2.47219,129.51,1.88426,129.522,1.15307
130.002,2.47147,130.01,1.89188,130.022,1.16314
130.502,2.47418,130.51,1.89986,130.522,1.17413
131.002,2.47425,131.01,1.90755,131.022,1.18502
131.502,2.47589,131.51,1.9151,131.522,1.19558
132.002,2.47575,132.01,1.92244,132.035,1.20628
132.502,2.47796,132.51,1.93049,132.518,1.21668
133.002,2.47796,133.01,1.93811,133.018,1.22708
133.502,2.47995,133.51,1.94602,133.518,1.23827
134.002,2.47952,134.01,1.95371,134.018,1.24909
134.502,2.48187,134.51,1.96134,134.518,1.25914
135.002,2.4818,135.01,1.96917,135.018,1.27068
135.502,2.48351,135.51,1.97665,135.518,1.28072
136.002,2.48252,136.01,1.98427,136.018,1.29127
136.502,2.48529,136.51,1.99218,136.518,1.30267
137.002,2.48494,137.01,1.99973,137.018,1.31264
137.502,2.48693,137.51,2.00743,137.518,1.32325
138.002,2.48643,138.01,2.01533,138.018,1.33373
138.502,2.48829,138.51,2.02296,138.518,1.34477
139.002,2.48829,139.01,2.03029,139.018,1.35602
139.502,2.49042,139.51,2.03827,139.518,1.36543
140.002,2.48921,140.01,2.0459,140.018,1.37761
140.502,2.49135,140.51,2.05359,140.518,1.38751
141.002,2.49135,141.01,2.0615,141.018,1.39855
141.502,2.4927,141.51,2.06912,141.518,1.40931
142.002,2.49249,142.01,2.07696,142.018,1.42028
142.502,2.49441,142.51,2.08444,142.518,1.43161
143.002,2.49399,143.01,2.09213,143.018,1.44179
143.502,2.49591,143.51,2.09968,143.518,1.45312
144.002,2.49463,144.01,2.10766,144.018,1.46402
144.502,2.49669,144.51,2.11528,144.518,1.47535
145.002,2.49648,145.01,2.12312,145.018,1.48568
145.502,2.49769,145.51,2.13088,145.518,1.497
146.002,2.49705,146.01,2.13815,146.018,1.50862
146.502,2.49919,146.51,2.1457,146.518,1.51916
147.002,2.49854,147.01,2.15375,147.018,1.53013
147.502,2.50075,147.51,2.16137,147.518,1.54139
148.002,2.49961,148.01,2.16928,148.018,1.55179
148.502,2.50104,148.51,2.17697,148.518,1.56326
149.002,2.50118,149.01,2.18453,149.018,1.5743
149.502,2.50253,149.51,2.19201,149.518,1.58477
150.002,2.50139,150.01,2.19998,150.018,1.59595
150.502,2.50346,150.51,2.20754,150.518,1.6065
151.002,2.50289,151.01,2.21551,151.018,1.61825
151.502,2.50424,151.51,2.22307,151.518,1.62958
152.002,2.50374,152.01,2.23076,152.018,1.63948
152.502,2.5051,152.51,2.2386,152.518,1.65102
153.002,2.50439,153.01,2.24615,153.018,1.66185
153.502,2.50631,153.51,2.25363,153.518,1.67261
154.002,2.50481,154.01,2.26125,154.018,1.68286
154.502,2.50752,154.51,2.26923,154.518,1.69441
155.002,2.50659,155.01,2.27678,155.018,1.70516
155.502,2.50781,155.51,2.28476,155.518,1.71649
156.002,2.50724,156.01,2.29238,156.018,1.72682
156.502,2.50866,156.51,2.29972,156.518,1.73836
157.002,2.50816,157.01,2.30741,157.018,1.7489
157.502,2.5093,157.51,2.31539,157.518,1.76023
158.002,2.50802,158.01,2.32301,158.018,1.77056
158.502,2.50994,158.51,2.33092,158.518,1.7811
159.002,2.50973,159.01,2.33861,159.018,1.79165
159.502,2.51058,159.511,2.34617,159.519,1.80304
160.002,2.5093,160.01,2.35357,160.018,1.81359
160.502,2.51087,160.51,2.36155,160.518,1.82377
161.002,2.51051,161.01,2.3691,161.018,1.83496
161.502,2.51208,161.51,2.37708,161.518,1.84564
162.002,2.51073,162.01,2.38471,162.018,1.85662
162.502,2.51215,162.51,2.39233,162.518,1.8678
163.002,2.51151,163.01,2.40016,163.018,1.87841
163.502,2.51329,163.51,2.40757,163.518,1.8896
164.002,2.51144,164.01,2.41527,164.018,1.90057
164.502,2.51329,164.51,2.42317,164.518,1.91168
165.002,2.51236,165.01,2.4308,165.018,1.92258
165.502,2.51393,165.51,2.43849,165.518,1.93348
166.002,2.51301,166.01,2.44647,166.018,1.94467
166.502,2.5145,166.51,2.45402,166.518,1.95592
167.002,2.51329,167.01,2.46136,167.018,1.96661
167.502,2.51486,167.51,2.46934,167.518,1.97772
168.002,2.51358,168.01,2.47703,168.019,1.98905
168.502,2.51514,168.51,2.48451,168.519,1.99966
169.002,2.51457,169.011,2.49256,169.019,2.01106
169.502,2.51514,169.51,2.50018,169.518,2.02239
170.002,2.51422,170.01,2.50788,170.018,2.03314
170.502,2.51607,170.51,2.51536,170.518,2.04419
171.002,2.51514,171.01,2.52305,171.018,2.05537
171.502,2.51635,171.51,2.53067,171.518,2.06648
172.002,2.51493,172.01,2.53858,172.018,2.07774
172.502,2.51607,172.51,2.54627,172.518,2.08871
173.002,2.51614,173.01,2.55418,173.018,2.09997
173.502,2.517,173.51,2.5618,173.518,2.11122
174.002,2.51514,174.01,2.56921,174.018,2.12205
174.502,2.51728,174.51,2.57676,174.518,2.13302
175.002,2.51643,175.011,2.58481,175.019,2.14428
175.502,2.51728,175.51,2.59244,175.518,2.15539
176.002,2.51593,176.01,2.60034,176.018,2.16664
176.502,2.517,176.51,2.60804,176.518,2.17797
177.002,2.51671,177.01,2.61587,177.018,2.18866
177.502,2.51785,177.51,2.62286,177.518,2.20006
178.002,2.51571,178.01,2.63083,178.019,2.21117
178.502,2.51785,178.51,2.63846,178.518,2.2225
179.002,2.517,179.01,2.64644,179.018,2.23382
179.502,2.51785,179.51,2.65406,179.518,2.23888
180.002,2.51692,180.01,2.66182,180.018,2.25006
180.502,2.51778,180.51,2.66952,180.518,2.26153
181.002,2.51671,181.01,2.67707,181.018,2.27429
181.502,2.51814,181.51,2.68469,181.518,2.28533
182.002,2.51628,182.01,2.69224,182.018,2.2963
182.502,2.51821,182.51,2.70029,182.518,2.30791
183.002,2.51721,183.01,2.70827,183.018,2.31924
183.502,2.51814,183.51,2.71589,183.518,2.33042
184.002,2.51664,184.01,2.72337,184.018,2.34146
184.502,2.51785,184.51,2.73085,184.518,2.35286
185.002,2.51692,185.01,2.73869,185.018,2.36469
185.502,2.51814,185.51,2.74631,185.518,2.3753
186.002,2.51664,186.01,2.75393,186.018,2.3867
186.502,2.51785,186.51,2.76191,186.518,2.39803
187.002,2.51721,187.01,2.76954,187.018,2.40943
187.502,2.51814,187.51,2.77716,187.518,2.42011
188.002,2.51664,188.01,2.7845,188.018,2.43165
188.502,2.51785,188.511,2.79247,188.519,2.44369
189.002,2.51657,189.01,2.8001,189.019,2.4548
189.502,2.51792,189.51,2.808,189.518,2.46542
190.002,2.51628,190.01,2.81577,190.018,2.47696
190.502,2.51749,190.51,2.82339,190.518,2.48807
191.002,2.51664,191.01,2.83123,191.018,2.49847
191.502,2.51778,191.51,2.83871,191.518,2.50973
192.002,2.51578,192.01,2.84626,192.018,2.52098
192.502,2.51757,192.51,2.85417,192.518,2.53238
193.002,2.51607,193.01,2.86179,193.018,2.54414
193.502,2.51692,193.51,2.86941,193.518,2.55525
194.002,2.51578,194.01,2.87732,194.018,2.56636
194.502,2.51721,194.51,2.88494,194.518,2.57762
195.002,2.51578,195.01,2.89235,195.018,2.58909
195.502,2.51728,195.51,2.90026,195.518,2.59985
196.002,2.51486,196.01,2.90788,196.018,2.61509
196.502,2.51635,196.51,2.91565,196.518,2.56586
197.002,2.5155,197.01,2.92355,197.018,1.94125
197.502,2.51571,197.51,2.93118,197.518,-5.95311
198.002,2.51429,198.01,2.9388,198.018,-5.69886
198.502,2.51586,198.51,2.94642,198.518,3.15821
199.002,2.51464,199.01,2.95404,199.018,-2.64779
199.502,2.5155,199.51,2.96167,199.532,-0.102899
200.002,2.51365,200.01,2.96964,200.035,-0.0933537
200.502,2.51422,200.51,2.97734,200.522,-0.0892315
201.002,2.51415,201.01,2.98525,201.021,-0.0865155
201.502,2.51493,201.51,2.9928,201.521,-0.08453
202.002,2.51301,202.01,3.00021,202.021,-0.0836833
202.502,2.51415,202.51,3.00776,202.521,-0.0826307
203.002,2.51272,203.01,3.01574,203.021,-0.0816928
203.502,2.51393,203.51,3.02336,203.522,-0.0805154
204.002,2.51229,204.01,3.03141,204.021,-0.0799873
204.502,2.51293,204.51,3.03903,204.522,-0.0793766
205.002,2.51179,205.01,3.04672,205.022,-0.0792169
205.502,2.51301,205.51,3.05399,205.522,-0.078753
206.002,2.51087,206.01,3.06183,206.022,-0.078237
206.502,2.51272,206.51,3.06959,206.546,-5.89911
207.002,2.5108,207.01,3.0775,207.018,-5.91172
207.502,2.51151,207.511,3.08512,207.519,-5.89825
208.002,2.51087,208.01,3.09267,208.018,-5.90224
208.502,2.51108,208.51,3.10044,208.518,-5.90445
209.002,2.50994,209.01,3.10799,209.018,-2.02239
209.502,2.5108,209.51,3.11561,209.532,0.228602
210.002,2.50873,210.01,3.12331,210.022,0.227334
210.502,2.51023,210.51,3.13121,210.522,0.22705
211.002,2.50902,211.01,3.13919,211.022,0.227206
211.502,2.5093,211.51,3.14681,211.522,0.226786
212.002,2.50745,212.01,3.15429,212.022,0.226686
212.502,2.50873,212.51,3.16185,212.536,-5.88009
213.002,2.50752,213.01,3.16968,213.018,-5.83806
213.502,2.50809,213.51,3.1773,213.518,-5.84775
214.002,2.50595,214.01,3.185,214.018,-5.87817
214.502,2.50716,214.51,3.19291,214.518,-1.82114
215.002,2.50631,215.01,3.20053,215.018,2.1519
215.502,2.50659,215.51,3.20808,215.518,2.14933
216.002,2.50417,216.01,3.21542,216.018,2.14834
216.502,2.50538,216.51,3.22347,216.518,2.1477
217.002,2.50403,217.01,3.23102,217.018,2.1472
217.502,2.50503,217.51,3.239,217.518,2.14641
218.002,2.50303,218.01,3.24662,218.018,1.78317
218.502,2.50339,218.51,3.25424,218.518,-1.04877
219.002,2.50253,219.01,3.26215,219.018,1.89031
219.502,2.50339,219.51,3.26956,219.518,1.16632
220.002,2.50068,220.01,3.27725,220.018,1.23285
220.502,2.50161,220.51,3.28516,220.519,1.23741
221.002,2.49976,221.01,3.29285,221.018,1.23292
221.502,2.50075,221.51,3.30048,221.518,1.23185
222.002,2.49919,222.011,3.30838,222.019,5.15424
222.502,2.4994,222.51,3.31593,222.532,0.824299
223.002,2.49769,223.01,3.32341,223.022,0.822156
223.502,2.49854,223.51,3.33139,223.522,0.469282
224.002,2.49577,224.01,3.33894,224.022,-0.300031
224.502,2.49655,224.51,3.34657,224.522,-0.177662
225.002,2.49484,225.01,3.35462,225.036,-0.0713845
225.502,2.49441,225.51,3.36217,225.536,-0.162315
226.002,2.49228,226.01,3.36993,226.022,-0.613188
226.502,2.49285,226.51,3.37748,226.536,0.0134384
227.002,2.49042,227.01,3.38511,227.047,1.87129
227.502,2.49007,227.51,3.39273,227.532,0.307673
228.002,2.48736,228.01,3.40071,228.022,-0.658296
228.502,2.48672,228.51,3.40833,228.536,-2.30941
229.002,2.48487,229.01,3.41617,229.018,-2.72565
229.502,2.48323,229.51,3.42372,229.518,-4.37325
230.002,2.4796,230.01,3.43113,230.032,-0.114557
230.502,2.47895,230.51,3.43882,230.522,0.565893
231.002,2.47518,231.01,3.44687,231.022,0.316781
231.502,2.47304,231.51,3.45449,231.522,0.110776
232.002,2.46813,232.01,3.46233,232.022,0.197246
232.502,2.46492,232.51,3.46995,232.522,0.10421
233.002,2.45979,233.01,3.47757,233.036,0.0689229
233.502,2.45616,233.51,3.48484,233.522,0.0984587
234.002,2.44896,234.01,3.49296,234.022,0.0766769
234.502,2.4449,234.51,3.50058,234.536,0.147017
235.002,2.43735,235.01,3.50849,235.022,0.145287
235.502,2.43144,235.51,3.51597,235.522,0.140181
236.002,2.4236,236.01,3.52381,236.036,0.0872738
236.502,2.41584,236.51,3.53143,236.536,0.13949
237.002,2.40672,237.01,3.53905,237.022,0.139746
237.502,2.39917,237.51,3.54668,237.522,0.139946
238.002,2.38784,238.01,3.5543,238.022,0.139967
238.502,2.37965,238.51,3.56213,238.522,0.139647
239.002,2.36853,239.01,3.57026,239.022,0.139654
239.502,2.3587,239.51,3.57781,239.522,0.139504
240.002,2.3456,240.01,3.58536,240.022,0.139654
240.502,2.33455,240.51,3.59284,240.522,0.139825
241.002,2.32116,241.01,3.60075,241.022,0.139497
241.502,2.30969,241.51,3.60851,241.522,0.139575
242.002,2.29359,242.01,3.61606,242.022,0.139547
242.502,2.28063,242.51,3.62404,242.522,0.139433
243.002,2.26588,243.01,3.63159,243.022,0.139454
243.502,2.25028,243.51,3.63914,243.522,0.139682
244.002,2.23211,244.01,3.64648,244.023,0.139526
244.502,2.21616,244.51,3.6546,244.523,0.139739
245.002,2.19735,245.01,3.66222,245.022,0.13964
245.502,2.17961,245.51,3.67013,245.522,0.13959
246.002,2.15888,246.01,3.67775,246.022,0.139583
246.502,2.13972,246.51,3.68531,246.522,0.139462
247.002,2.11649,247.01,3.69314,247.022,0.139575
247.502,2.09484,247.51,3.70069,247.522,0.139682
248.002,2.06919,248.011,3.70824,248.022,0.139753
248.502,2.04561,248.511,3.71601,248.522,0.139981
249.002,2.01826,249.011,3.72392,249.022,0.139932
249.502,1.99147,249.511,3.73154,249.522,0.139839
250.002,1.96183,250.01,3.73945,250.022,0.139718
250.502,1.92949,250.51,3.74686,250.522,0.139796
251.002,1.88646,251.01,3.75441,251.022,0.139611
251.527,0,251.538,3.7574,251.55,0.138408
252.002,0,252.014,3.75747,252.025,0.13964
252.502,0,252.515,3.7574,252.526,0.139618
253.002,0,253.014,3.75747,253.025,0.139782
253.502,0,253.514,3.75747,253.525,0.139518
254.002,0,254.014,3.7574,254.025,0.139604
254.502,0,254.514,3.75747,254.526,0.139397
255.002,0,255.014,3.7574,255.025,0.139704
255.502,0,255.514,3.7574,255.525,0.13959
